[
  {
    "ClientId": {
      "Id": 0
    },
    "Name": "Михаил Смирнов",
    "Date": "2016-03-01T00:00:00"
  },
  {
    "ClientId": {
      "Id": 1
    },
    "Name": "Виктория Крылова",
    "Date": "2016-03-01T00:00:00"
  },
  {
    "ClientId": {
      "Id": 2
    },
    "Name": "Галина Васильева",
    "Date": "2016-03-01T00:00:00"
  },
  {
    "ClientId": {
      "Id": 3
    },
    "Name": "Денис Гуляев",
    "Date": "2016-03-01T00:00:00"
  },
  {
    "ClientId": {
      "Id": 4
    },
    "Name": "Илья Казаков",
    "Date": "2016-03-01T00:00:00"
  },
  {
    "ClientId": {
      "Id": 5
    },
    "Name": "Маргарита Денисова",
    "Date": "2016-03-01T00:00:00"
  },
  {
    "ClientId": {
      "Id": 6
    },
    "Name": "Алина Максимова",
    "Date": "2016-03-01T00:00:00"
  },
  {
    "ClientId": {
      "Id": 7
    },
    "Name": "Эдуард Сергеев",
    "Date": "2016-03-01T00:00:00"
  },
  {
    "ClientId": {
      "Id": 8
    },
    "Name": "Алина Ларионова",
    "Date": "2016-03-01T00:00:00"
  },
  {
    "ClientId": {
      "Id": 9
    },
    "Name": "Геннадий Сорокин",
    "Date": "2016-03-01T00:00:00"
  },
  {
    "ClientId": {
      "Id": 10
    },
    "Name": "Антон Данилов",
    "Date": "2016-03-01T00:00:00"
  },
  {
    "ClientId": {
      "Id": 11
    },
    "Name": "Анатолий Михайлов",
    "Date": "2016-03-01T00:00:00"
  },
  {
    "ClientId": {
      "Id": 12
    },
    "Name": "Виктория Богданова",
    "Date": "2016-03-01T00:00:00"
  },
  {
    "ClientId": {
      "Id": 13
    },
    "Name": "Анфиса Силина",
    "Date": "2016-03-01T00:00:00"
  },
  {
    "ClientId": {
      "Id": 14
    },
    "Name": "Станислав Рожков",
    "Date": "2016-03-01T00:00:00"
  },
  {
    "ClientId": {
      "Id": 15
    },
    "Name": "Михаил Туров",
    "Date": "2016-03-01T00:00:00"
  },
  {
    "ClientId": {
      "Id": 16
    },
    "Name": "Раиса Ершова",
    "Date": "2016-03-01T00:00:00"
  },
  {
    "ClientId": {
      "Id": 17
    },
    "Name": "Валерий Егоров",
    "Date": "2016-03-01T00:00:00"
  },
  {
    "ClientId": {
      "Id": 18
    },
    "Name": "Владислав Соловьев",
    "Date": "2016-03-01T00:00:00"
  },
  {
    "ClientId": {
      "Id": 19
    },
    "Name": "Николай Гурьев",
    "Date": "2016-03-01T00:00:00"
  },
  {
    "ClientId": {
      "Id": 20
    },
    "Name": "Анна Кулакова",
    "Date": "2016-03-01T00:00:00"
  },
  {
    "ClientId": {
      "Id": 21
    },
    "Name": "Семён Ильин",
    "Date": "2016-03-01T00:00:00"
  },
  {
    "ClientId": {
      "Id": 22
    },
    "Name": "Ксения Бобылева",
    "Date": "2016-03-01T00:00:00"
  },
  {
    "ClientId": {
      "Id": 23
    },
    "Name": "Елена Киселева",
    "Date": "2016-03-01T00:00:00"
  },
  {
    "ClientId": {
      "Id": 24
    },
    "Name": "Лука Силин",
    "Date": "2016-03-01T00:00:00"
  },
  {
    "ClientId": {
      "Id": 25
    },
    "Name": "Вероника Красильникова",
    "Date": "2016-03-01T00:00:00"
  },
  {
    "ClientId": {
      "Id": 26
    },
    "Name": "Василиса Савельева",
    "Date": "2016-03-01T00:00:00"
  },
  {
    "ClientId": {
      "Id": 27
    },
    "Name": "Алла Калашникова",
    "Date": "2016-03-01T00:00:00"
  },
  {
    "ClientId": {
      "Id": 28
    },
    "Name": "Ульяна Калинина",
    "Date": "2016-03-01T00:00:00"
  },
  {
    "ClientId": {
      "Id": 29
    },
    "Name": "Степан Ефремов",
    "Date": "2016-03-01T00:00:00"
  },
  {
    "ClientId": {
      "Id": 30
    },
    "Name": "Ангелина Журавлева",
    "Date": "2016-03-01T00:00:00"
  },
  {
    "ClientId": {
      "Id": 31
    },
    "Name": "Тамара Блохина",
    "Date": "2016-03-01T00:00:00"
  },
  {
    "ClientId": {
      "Id": 32
    },
    "Name": "Егор Журавлев",
    "Date": "2016-03-01T00:00:00"
  },
  {
    "ClientId": {
      "Id": 33
    },
    "Name": "Роман Зайцев",
    "Date": "2016-03-01T00:00:00"
  },
  {
    "ClientId": {
      "Id": 34
    },
    "Name": "Жанна Евдокимова",
    "Date": "2016-03-01T00:00:00"
  },
  {
    "ClientId": {
      "Id": 35
    },
    "Name": "Раиса Морозова",
    "Date": "2016-03-01T00:00:00"
  },
  {
    "ClientId": {
      "Id": 36
    },
    "Name": "Виталий Никифоров",
    "Date": "2016-03-01T00:00:00"
  },
  {
    "ClientId": {
      "Id": 37
    },
    "Name": "Марина Юдина",
    "Date": "2016-03-01T00:00:00"
  },
  {
    "ClientId": {
      "Id": 38
    },
    "Name": "Ирина Кулагина",
    "Date": "2016-03-01T00:00:00"
  },
  {
    "ClientId": {
      "Id": 39
    },
    "Name": "Игнатий Кабанов",
    "Date": "2016-03-01T00:00:00"
  },
  {
    "ClientId": {
      "Id": 40
    },
    "Name": "Никита Сафонов",
    "Date": "2016-03-01T00:00:00"
  },
  {
    "ClientId": {
      "Id": 41
    },
    "Name": "Вероника Горшкова",
    "Date": "2016-03-01T00:00:00"
  },
  {
    "ClientId": {
      "Id": 42
    },
    "Name": "Татьяна Рябова",
    "Date": "2016-03-01T00:00:00"
  },
  {
    "ClientId": {
      "Id": 43
    },
    "Name": "Кира Анисимова",
    "Date": "2016-03-01T00:00:00"
  },
  {
    "ClientId": {
      "Id": 44
    },
    "Name": "София Суханова",
    "Date": "2016-03-01T00:00:00"
  },
  {
    "ClientId": {
      "Id": 45
    },
    "Name": "Матвей Евдокимов",
    "Date": "2016-03-01T00:00:00"
  },
  {
    "ClientId": {
      "Id": 46
    },
    "Name": "Константин Андреев",
    "Date": "2016-03-01T00:00:00"
  },
  {
    "ClientId": {
      "Id": 47
    },
    "Name": "Евгений Крылов",
    "Date": "2016-03-01T00:00:00"
  },
  {
    "ClientId": {
      "Id": 48
    },
    "Name": "Анна Белоусова",
    "Date": "2016-03-01T00:00:00"
  },
  {
    "ClientId": {
      "Id": 49
    },
    "Name": "Галина Селиверстова",
    "Date": "2016-03-01T00:00:00"
  },
  {
    "ClientId": {
      "Id": 50
    },
    "Name": "Григорий Комаров",
    "Date": "2016-03-01T00:00:00"
  },
  {
    "ClientId": {
      "Id": 51
    },
    "Name": "Валентин Дьячков",
    "Date": "2016-03-01T00:00:00"
  },
  {
    "ClientId": {
      "Id": 52
    },
    "Name": "Арсений Исаков",
    "Date": "2016-03-01T00:00:00"
  },
  {
    "ClientId": {
      "Id": 53
    },
    "Name": "Виктор Уваров",
    "Date": "2016-03-01T00:00:00"
  },
  {
    "ClientId": {
      "Id": 54
    },
    "Name": "Максим Зуев",
    "Date": "2016-03-01T00:00:00"
  },
  {
    "ClientId": {
      "Id": 55
    },
    "Name": "Антон Третьяков",
    "Date": "2016-03-01T00:00:00"
  },
  {
    "ClientId": {
      "Id": 56
    },
    "Name": "Игнатий Русаков",
    "Date": "2016-03-01T00:00:00"
  },
  {
    "ClientId": {
      "Id": 57
    },
    "Name": "Роман Голубев",
    "Date": "2016-03-01T00:00:00"
  },
  {
    "ClientId": {
      "Id": 58
    },
    "Name": "Ульяна Ларионова",
    "Date": "2016-03-01T00:00:00"
  },
  {
    "ClientId": {
      "Id": 59
    },
    "Name": "Вероника Беляева",
    "Date": "2016-03-01T00:00:00"
  },
  {
    "ClientId": {
      "Id": 60
    },
    "Name": "Алёна Носкова",
    "Date": "2016-03-01T00:00:00"
  },
  {
    "ClientId": {
      "Id": 61
    },
    "Name": "Вячеслав Фокин",
    "Date": "2016-03-01T00:00:00"
  },
  {
    "ClientId": {
      "Id": 62
    },
    "Name": "Матвей Евсеев",
    "Date": "2016-03-01T00:00:00"
  },
  {
    "ClientId": {
      "Id": 63
    },
    "Name": "Никита Логинов",
    "Date": "2016-03-01T00:00:00"
  },
  {
    "ClientId": {
      "Id": 64
    },
    "Name": "Роман Королев",
    "Date": "2016-03-01T00:00:00"
  },
  {
    "ClientId": {
      "Id": 65
    },
    "Name": "Матвей Соловьев",
    "Date": "2016-03-01T00:00:00"
  },
  {
    "ClientId": {
      "Id": 66
    },
    "Name": "Зоя Шарапова",
    "Date": "2016-03-01T00:00:00"
  },
  {
    "ClientId": {
      "Id": 67
    },
    "Name": "Максим Корнилов",
    "Date": "2016-03-01T00:00:00"
  },
  {
    "ClientId": {
      "Id": 68
    },
    "Name": "Анжелика Ситникова",
    "Date": "2016-03-01T00:00:00"
  },
  {
    "ClientId": {
      "Id": 69
    },
    "Name": "Анжелика Колесникова",
    "Date": "2016-03-01T00:00:00"
  },
  {
    "ClientId": {
      "Id": 70
    },
    "Name": "Аркадий Макаров",
    "Date": "2016-03-01T00:00:00"
  },
  {
    "ClientId": {
      "Id": 71
    },
    "Name": "Дмитрий Юдин",
    "Date": "2016-03-01T00:00:00"
  },
  {
    "ClientId": {
      "Id": 72
    },
    "Name": "Виталий Зиновьев",
    "Date": "2016-03-01T00:00:00"
  },
  {
    "ClientId": {
      "Id": 73
    },
    "Name": "Анастасия Авдеева",
    "Date": "2016-03-01T00:00:00"
  },
  {
    "ClientId": {
      "Id": 74
    },
    "Name": "Людмила Осипова",
    "Date": "2016-03-01T00:00:00"
  },
  {
    "ClientId": {
      "Id": 75
    },
    "Name": "Леонид Горбачев",
    "Date": "2016-03-01T00:00:00"
  },
  {
    "ClientId": {
      "Id": 76
    },
    "Name": "Вера Шестакова",
    "Date": "2016-03-01T00:00:00"
  },
  {
    "ClientId": {
      "Id": 77
    },
    "Name": "Вадим Игнатьев",
    "Date": "2016-03-01T00:00:00"
  },
  {
    "ClientId": {
      "Id": 78
    },
    "Name": "Геннадий Исаев",
    "Date": "2016-03-01T00:00:00"
  },
  {
    "ClientId": {
      "Id": 79
    },
    "Name": "Жанна Дьячкова",
    "Date": "2016-03-01T00:00:00"
  },
  {
    "ClientId": {
      "Id": 80
    },
    "Name": "Эдуард Горбачев",
    "Date": "2016-03-01T00:00:00"
  },
  {
    "ClientId": {
      "Id": 81
    },
    "Name": "Галина Медведева",
    "Date": "2016-03-01T00:00:00"
  },
  {
    "ClientId": {
      "Id": 82
    },
    "Name": "Константин Егоров",
    "Date": "2016-03-01T00:00:00"
  },
  {
    "ClientId": {
      "Id": 83
    },
    "Name": "Игнатий Королев",
    "Date": "2016-03-01T00:00:00"
  },
  {
    "ClientId": {
      "Id": 84
    },
    "Name": "Анатолий Третьяков",
    "Date": "2016-03-01T00:00:00"
  },
  {
    "ClientId": {
      "Id": 85
    },
    "Name": "Зоя Лихачева",
    "Date": "2016-03-01T00:00:00"
  },
  {
    "ClientId": {
      "Id": 86
    },
    "Name": "Ирина Степанова",
    "Date": "2016-03-01T00:00:00"
  },
  {
    "ClientId": {
      "Id": 87
    },
    "Name": "Николай Лихачев",
    "Date": "2016-03-01T00:00:00"
  },
  {
    "ClientId": {
      "Id": 88
    },
    "Name": "Василий Анисимов",
    "Date": "2016-03-01T00:00:00"
  },
  {
    "ClientId": {
      "Id": 89
    },
    "Name": "Егор Федоров",
    "Date": "2016-03-01T00:00:00"
  },
  {
    "ClientId": {
      "Id": 90
    },
    "Name": "Константин Филиппов",
    "Date": "2016-03-01T00:00:00"
  },
  {
    "ClientId": {
      "Id": 91
    },
    "Name": "Альберт Мишин",
    "Date": "2016-03-01T00:00:00"
  },
  {
    "ClientId": {
      "Id": 92
    },
    "Name": "Василиса Колесникова",
    "Date": "2016-03-01T00:00:00"
  },
  {
    "ClientId": {
      "Id": 93
    },
    "Name": "Василиса Гришина",
    "Date": "2016-03-01T00:00:00"
  },
  {
    "ClientId": {
      "Id": 94
    },
    "Name": "Герман Костин",
    "Date": "2016-03-01T00:00:00"
  },
  {
    "ClientId": {
      "Id": 95
    },
    "Name": "Даниил Воробьев",
    "Date": "2016-03-01T00:00:00"
  },
  {
    "ClientId": {
      "Id": 96
    },
    "Name": "Михаил Лазарев",
    "Date": "2016-03-01T00:00:00"
  },
  {
    "ClientId": {
      "Id": 97
    },
    "Name": "Лаврентий Куликов",
    "Date": "2016-03-01T00:00:00"
  },
  {
    "ClientId": {
      "Id": 98
    },
    "Name": "Максим Терентьев",
    "Date": "2016-03-01T00:00:00"
  },
  {
    "ClientId": {
      "Id": 99
    },
    "Name": "София Казакова",
    "Date": "2016-03-01T00:00:00"
  },
  {
    "ClientId": {
      "Id": 100
    },
    "Name": "Станислав Голубев",
    "Date": "2016-03-01T00:00:00"
  },
  {
    "ClientId": {
      "Id": 101
    },
    "Name": "Владислав Никифоров",
    "Date": "2016-03-01T00:00:00"
  },
  {
    "ClientId": {
      "Id": 102
    },
    "Name": "Алла Кулагина",
    "Date": "2016-03-01T00:00:00"
  },
  {
    "ClientId": {
      "Id": 103
    },
    "Name": "Борис Антонов",
    "Date": "2016-03-01T00:00:00"
  },
  {
    "ClientId": {
      "Id": 104
    },
    "Name": "Клавдия Герасимова",
    "Date": "2016-03-01T00:00:00"
  },
  {
    "ClientId": {
      "Id": 105
    },
    "Name": "Валентина Давыдова",
    "Date": "2016-03-01T00:00:00"
  },
  {
    "ClientId": {
      "Id": 106
    },
    "Name": "Игорь Кононов",
    "Date": "2016-03-01T00:00:00"
  },
  {
    "ClientId": {
      "Id": 107
    },
    "Name": "Людмила Абрамова",
    "Date": "2016-03-01T00:00:00"
  },
  {
    "ClientId": {
      "Id": 108
    },
    "Name": "Егор Некрасов",
    "Date": "2016-03-01T00:00:00"
  },
  {
    "ClientId": {
      "Id": 109
    },
    "Name": "Татьяна Боброва",
    "Date": "2016-03-01T00:00:00"
  },
  {
    "ClientId": {
      "Id": 110
    },
    "Name": "Нина Васильева",
    "Date": "2016-03-01T00:00:00"
  },
  {
    "ClientId": {
      "Id": 111
    },
    "Name": "Елена Дорофеева",
    "Date": "2016-03-01T00:00:00"
  },
  {
    "ClientId": {
      "Id": 112
    },
    "Name": "Семён Борисов",
    "Date": "2016-03-01T00:00:00"
  },
  {
    "ClientId": {
      "Id": 113
    },
    "Name": "Наталья Агафонова",
    "Date": "2016-03-01T00:00:00"
  },
  {
    "ClientId": {
      "Id": 114
    },
    "Name": "Зоя Юдина",
    "Date": "2016-03-01T00:00:00"
  }
]