[
  {
    "DeliveryCompanyId": {
      "Id": 11
    },
    "Name": "Gerlach and Sons",
    "Date": "2016-03-01T00:00:00"
  },
  {
    "DeliveryCompanyId": {
      "Id": 6
    },
    "Name": "Herman Inc",
    "Date": "2016-03-01T00:00:00"
  },
  {
    "DeliveryCompanyId": {
      "Id": 9
    },
    "Name": "Langosh Inc",
    "Date": "2016-03-01T00:00:00"
  },
  {
    "DeliveryCompanyId": {
      "Id": 7
    },
    "Name": "Bauch Inc",
    "Date": "2016-03-01T00:00:00"
  },
  {
    "DeliveryCompanyId": {
      "Id": 21
    },
    "Name": "Hane LLC",
    "Date": "2016-03-01T00:00:00"
  },
  {
    "DeliveryCompanyId": {
      "Id": 5
    },
    "Name": "Windler Inc",
    "Date": "2016-03-01T00:00:00"
  },
  {
    "DeliveryCompanyId": {
      "Id": 0
    },
    "Name": "Internet Sales, LLC",
    "Date": "2016-03-01T00:00:00"
  },
  {
    "DeliveryCompanyId": {
      "Id": 17
    },
    "Name": "Kihn Group",
    "Date": "2016-03-01T00:00:00"
  },
  {
    "DeliveryCompanyId": {
      "Id": 3
    },
    "Name": "Hartmann Group",
    "Date": "2016-03-01T00:00:00"
  },
  {
    "DeliveryCompanyId": {
      "Id": 20
    },
    "Name": "Purdy Inc",
    "Date": "2016-03-01T00:00:00"
  },
  {
    "DeliveryCompanyId": {
      "Id": 1
    },
    "Name": "Durgan LLC",
    "Date": "2016-03-01T00:00:00"
  },
  {
    "DeliveryCompanyId": {
      "Id": 10
    },
    "Name": "Roob Group",
    "Date": "2016-03-01T00:00:00"
  },
  {
    "DeliveryCompanyId": {
      "Id": 13
    },
    "Name": "Nolan Group",
    "Date": "2016-03-01T00:00:00"
  },
  {
    "DeliveryCompanyId": {
      "Id": 2
    },
    "Name": "McClure Inc",
    "Date": "2016-03-01T00:00:00"
  },
  {
    "DeliveryCompanyId": {
      "Id": 4
    },
    "Name": "Prohaska LLC",
    "Date": "2016-03-01T00:00:00"
  },
  {
    "DeliveryCompanyId": {
      "Id": 12
    },
    "Name": "Sawayn Inc",
    "Date": "2016-03-01T00:00:00"
  },
  {
    "DeliveryCompanyId": {
      "Id": 15
    },
    "Name": "Gorczany Group",
    "Date": "2016-03-01T00:00:00"
  },
  {
    "DeliveryCompanyId": {
      "Id": 8
    },
    "Name": "Conn and Sons",
    "Date": "2016-03-01T00:00:00"
  },
  {
    "DeliveryCompanyId": {
      "Id": 19
    },
    "Name": "Heathcote Inc",
    "Date": "2016-03-01T00:00:00"
  },
  {
    "DeliveryCompanyId": {
      "Id": 16
    },
    "Name": "Franecki and Sons",
    "Date": "2016-03-01T00:00:00"
  },
  {
    "DeliveryCompanyId": {
      "Id": 18
    },
    "Name": "Bruen Group",
    "Date": "2016-03-01T00:00:00"
  },
  {
    "DeliveryCompanyId": {
      "Id": 14
    },
    "Name": "Anderson and Sons",
    "Date": "2016-03-01T00:00:00"
  }
]